{"products":[{"id":"0.558673316244021","qty":5}],"totalPrice":104.94999999999999}